INSERT INTO cidade VALUES (1,'Porto Velho');
INSERT INTO cidade VALUES (2,'Ariquemes');
INSERT INTO cidade VALUES (3,'Cacoal');
INSERT INTO cidade VALUES (4,'Ji-Paraná');
INSERT INTO cidade VALUES (5,'Vilhena');
INSERT INTO cidade VALUES (6,'Pimenta Bueno');
INSERT INTO cidade VALUES (7,'Jaru');


INSERT INTO loja VALUES (1,'Matriz',1);
INSERT INTO loja VALUES (2,'Filial Ariquemes',2);
INSERT INTO loja VALUES (3,'Filial Vilhena',5);
INSERT INTO loja VALUES (4,'Filial Porto Velho Jatuarana',1);
INSERT INTO loja VALUES (5,'Filial Porto Velho Centro',1);

INSERT INTO cliente VALUES ('11111111111','João','Rua A',2);
INSERT INTO cliente VALUES ('22222222222','Maria','Rua B',2);
INSERT INTO cliente VALUES ('33333333333','Isabel','Avenida C',3);
INSERT INTO cliente VALUES ('44444444444','Fred','Rua D',1);
INSERT INTO cliente VALUES ('55555555555','Gomes','Avenida C',5);
INSERT INTO cliente VALUES ('66666666666','Silvano','Rua A',7);
INSERT INTO cliente VALUES ('77777777777','Julio','Alameda 7',3);
INSERT INTO cliente VALUES ('88888888888','Ana','Travessa 45',4);
INSERT INTO cliente VALUES ('99999999999','Pedro','Rua B',6);
INSERT INTO cliente VALUES ('11111111112','Sebastião','Rua A',3);
INSERT INTO cliente VALUES ('11111111113','Joana','Rua D',1);

INSERT INTO vendedor VALUES ('22222222221','Silva');
INSERT INTO vendedor VALUES ('33333333331','Amanda');
INSERT INTO vendedor VALUES ('44444444441','Costa');
INSERT INTO vendedor VALUES ('55555555551','Mauricio');
INSERT INTO vendedor VALUES ('66666666661','Josefa');

INSERT INTO produto VALUES (1,'colchão',1200.00);
INSERT INTO produto VALUES (2,'geladeira',1500.00);
INSERT INTO produto VALUES (3,'cama',650.00);
INSERT INTO produto VALUES (4,'fogão',270.00);
INSERT INTO produto VALUES (5,'travesseiro',70.00);
INSERT INTO produto VALUES (6,'ventilador',110.00);
INSERT INTO produto VALUES (7,'panela de pressão',45.80);
INSERT INTO produto VALUES (8,'ar condicionado',1200.00);
INSERT INTO produto VALUES (9,'cadeira',69.70);

INSERT INTO pedido VALUES (1,'10/09/2011','11111111111','33333333331');
INSERT INTO pedido VALUES (2,'15/09/2011','22222222222','44444444441');
INSERT INTO pedido VALUES (3,'17/01/2012','33333333333','55555555551');
INSERT INTO pedido VALUES (4,'20/01/2012','11111111111','33333333331');
INSERT INTO pedido VALUES (5,'15/02/2012','44444444444','33333333331');
INSERT INTO pedido VALUES (6,'9/3/2012','55555555555','33333333331');
INSERT INTO pedido VALUES (7,'15/04/2014','33333333333','44444444441');
INSERT INTO pedido VALUES (8,'17/01/2015','11111111111','66666666661');
INSERT INTO pedido VALUES (9,'19/03/2015','22222222222','66666666661');
INSERT INTO pedido VALUES (10,'10/10/2015','11111111111','66666666661');

INSERT INTO alocacao VALUES (1,'22222222221');
INSERT INTO alocacao VALUES (2,'33333333331');
INSERT INTO alocacao VALUES (3,'44444444441');
INSERT INTO alocacao VALUES (4,'55555555551');
INSERT INTO alocacao VALUES (5,'66666666661');

INSERT INTO contem VALUES (1,2,1);
INSERT INTO contem VALUES (1,4,1);
INSERT INTO contem VALUES (1,6,1);
INSERT INTO contem VALUES (2,5,1);
INSERT INTO contem VALUES (2,6,1);
INSERT INTO contem VALUES (2,7,2);
INSERT INTO contem VALUES (3,5,4);
INSERT INTO contem VALUES (4,6,2);
INSERT INTO contem VALUES (5,2,1);
INSERT INTO contem VALUES (6,2,1);
INSERT INTO contem VALUES (7,2,1);
INSERT INTO contem VALUES (8,2,1);
INSERT INTO contem VALUES (8,4,1);
INSERT INTO contem VALUES (8,8,1);
INSERT INTO contem VALUES (9,2,1);
INSERT INTO contem VALUES (10,2,1);
INSERT INTO contem VALUES (10,4,1);
INSERT INTO contem VALUES (10,8,1);